起始地址,结束地址, 广播地址, 可分配主机数,掩码位,
58.87.96.0,58.87.99.255,58.87.99.255,1022,22,58.87.96.022
58.87.92.0,58.87.95.255,58.87.95.255,1022,22,58.87.92.022
58.87.88.0,58.87.91.255,58.87.91.255,1022,22,58.87.88.022
58.87.84.0,58.87.87.255,58.87.87.255,1022,22,58.87.84.022
58.87.80.0,58.87.83.255,58.87.83.255,1022,22,58.87.80.022
58.87.76.0,58.87.79.255,58.87.79.255,1022,22,58.87.76.022
58.87.72.0,58.87.75.255,58.87.75.255,1022,22,58.87.72.022
58.87.68.0,58.87.71.255,58.87.71.255,1022,22,58.87.68.022
58.87.64.0,58.87.67.255,58.87.67.255,1022,22,58.87.64.022
58.87.64.0,58.87.127.255,58.87.127.255,16382,18,58.87.64.018
58.87.120.0,58.87.127.255,58.87.127.255,2046,21,58.87.120.021
58.87.112.0,58.87.119.255,58.87.119.255,2046,21,58.87.112.021
58.87.108.0,58.87.111.255,58.87.111.255,1022,22,58.87.108.022
58.87.106.0,58.87.107.255,58.87.107.255,510,23,58.87.106.023
58.87.104.0,58.87.105.255,58.87.105.255,510,23,58.87.104.023
58.87.100.0,58.87.103.255,58.87.103.255,1022,22,58.87.100.022
49.51.96.0,49.51.99.255,49.51.99.255,1022,22,49.51.96.022
49.51.92.0,49.51.95.255,49.51.95.255,1022,22,49.51.92.022
49.51.88.0,49.51.91.255,49.51.91.255,1022,22,49.51.88.022
49.51.86.0,49.51.87.255,49.51.87.255,510,23,49.51.86.023
49.51.84.0,49.51.85.255,49.51.85.255,510,23,49.51.84.023
49.51.82.0,49.51.83.255,49.51.83.255,510,23,49.51.82.023
49.51.80.0,49.51.81.255,49.51.81.255,510,23,49.51.80.023
49.51.8.0,49.51.9.255,49.51.9.255,510,23,49.51.8.023
49.51.78.0,49.51.79.255,49.51.79.255,510,23,49.51.78.023
49.51.76.0,49.51.77.255,49.51.77.255,510,23,49.51.76.023
49.51.74.0,49.51.75.255,49.51.75.255,510,23,49.51.74.023
49.51.72.0,49.51.73.255,49.51.73.255,510,23,49.51.72.023
49.51.70.0,49.51.71.255,49.51.71.255,510,23,49.51.70.023
49.51.68.0,49.51.69.255,49.51.69.255,510,23,49.51.68.023
49.51.66.0,49.51.67.255,49.51.67.255,510,23,49.51.66.023
49.51.64.0,49.51.65.255,49.51.65.255,510,23,49.51.64.023
49.51.62.0,49.51.62.255,49.51.62.255,254,24,49.51.62.024
49.51.62.0,49.51.63.255,49.51.63.255,510,23,49.51.62.023
49.51.6.0,49.51.7.255,49.51.7.255,510,23,49.51.6.023
49.51.54.0,49.51.55.255,49.51.55.255,510,23,49.51.54.023
49.51.52.0,49.51.53.255,49.51.53.255,510,23,49.51.52.023
49.51.50.0,49.51.51.255,49.51.51.255,510,23,49.51.50.023
49.51.48.0,49.51.49.255,49.51.49.255,510,23,49.51.48.023
49.51.46.0,49.51.47.255,49.51.47.255,510,23,49.51.46.023
49.51.44.0,49.51.45.255,49.51.45.255,510,23,49.51.44.023
49.51.42.0,49.51.43.255,49.51.43.255,510,23,49.51.42.023
49.51.40.0,49.51.41.255,49.51.41.255,510,23,49.51.40.023
49.51.40.0,49.51.43.255,49.51.43.255,1022,22,49.51.40.022
49.51.4.0,49.51.5.255,49.51.5.255,510,23,49.51.4.023
49.51.38.0,49.51.39.255,49.51.39.255,510,23,49.51.38.023
49.51.37.0,49.51.37.255,49.51.37.255,254,24,49.51.37.024
49.51.36.0,49.51.36.255,49.51.36.255,254,24,49.51.36.024
49.51.36.0,49.51.37.255,49.51.37.255,510,23,49.51.36.023
49.51.34.0,49.51.35.255,49.51.35.255,510,23,49.51.34.023
49.51.32.0,49.51.33.255,49.51.33.255,510,23,49.51.32.023
49.51.32.0,49.51.39.255,49.51.39.255,2046,21,49.51.32.021
49.51.30.0,49.51.31.255,49.51.31.255,510,23,49.51.30.023
49.51.28.0,49.51.29.255,49.51.29.255,510,23,49.51.28.023
49.51.26.0,49.51.27.255,49.51.27.255,510,23,49.51.26.023
49.51.254.0,49.51.255.255,49.51.255.255,510,23,49.51.254.023
49.51.252.0,49.51.253.255,49.51.253.255,510,23,49.51.252.023
49.51.250.0,49.51.251.255,49.51.251.255,510,23,49.51.250.023
49.51.248.0,49.51.249.255,49.51.249.255,510,23,49.51.248.023
49.51.246.0,49.51.247.255,49.51.247.255,510,23,49.51.246.023
49.51.244.0,49.51.245.255,49.51.245.255,510,23,49.51.244.023
49.51.242.0,49.51.243.255,49.51.243.255,510,23,49.51.242.023
49.51.240.0,49.51.241.255,49.51.241.255,510,23,49.51.240.023
49.51.24.0,49.51.25.255,49.51.25.255,510,23,49.51.24.023
49.51.238.0,49.51.238.255,49.51.238.255,254,24,49.51.238.024
49.51.238.0,49.51.239.255,49.51.239.255,510,23,49.51.238.023
49.51.237.0,49.51.237.255,49.51.237.255,254,24,49.51.237.024
49.51.236.0,49.51.237.255,49.51.237.255,510,23,49.51.236.023
49.51.234.0,49.51.235.255,49.51.235.255,510,23,49.51.234.023
49.51.232.0,49.51.233.255,49.51.233.255,510,23,49.51.232.023
49.51.230.0,49.51.231.255,49.51.231.255,510,23,49.51.230.023
49.51.228.0,49.51.229.255,49.51.229.255,510,23,49.51.228.023
49.51.224.0,49.51.225.255,49.51.225.255,510,23,49.51.224.023
49.51.22.0,49.51.23.255,49.51.23.255,510,23,49.51.22.023
49.51.204.0,49.51.207.255,49.51.207.255,1022,22,49.51.204.022
49.51.200.0,49.51.203.255,49.51.203.255,1022,22,49.51.200.022
49.51.20.0,49.51.21.255,49.51.21.255,510,23,49.51.20.023
49.51.2.0,49.51.3.255,49.51.3.255,510,23,49.51.2.023
49.51.196.0,49.51.199.255,49.51.199.255,1022,22,49.51.196.022
49.51.192.0,49.51.195.255,49.51.195.255,1022,22,49.51.192.022
49.51.188.0,49.51.191.255,49.51.191.255,1022,22,49.51.188.022
49.51.184.0,49.51.187.255,49.51.187.255,1022,22,49.51.184.022
49.51.180.0,49.51.183.255,49.51.183.255,1022,22,49.51.180.022
49.51.18.0,49.51.19.255,49.51.19.255,510,23,49.51.18.023
49.51.176.0,49.51.179.255,49.51.179.255,1022,22,49.51.176.022
49.51.174.0,49.51.175.255,49.51.175.255,510,23,49.51.174.023
49.51.172.0,49.51.173.255,49.51.173.255,510,23,49.51.172.023
49.51.170.0,49.51.171.255,49.51.171.255,510,23,49.51.170.023
49.51.169.0,49.51.169.255,49.51.169.255,254,24,49.51.169.024
49.51.168.0,49.51.168.255,49.51.168.255,254,24,49.51.168.024
49.51.168.0,49.51.169.255,49.51.169.255,510,23,49.51.168.023
49.51.166.0,49.51.167.255,49.51.167.255,510,23,49.51.166.023
49.51.164.0,49.51.165.255,49.51.165.255,510,23,49.51.164.023
49.51.162.0,49.51.163.255,49.51.163.255,510,23,49.51.162.023
49.51.160.0,49.51.161.255,49.51.161.255,510,23,49.51.160.023
49.51.160.0,49.51.175.255,49.51.175.255,4094,20,49.51.160.020
49.51.16.0,49.51.17.255,49.51.17.255,510,23,49.51.16.023
49.51.158.0,49.51.159.255,49.51.159.255,510,23,49.51.158.023
49.51.156.0,49.51.157.255,49.51.157.255,510,23,49.51.156.023
49.51.154.0,49.51.155.255,49.51.155.255,510,23,49.51.154.023
49.51.152.0,49.51.153.255,49.51.153.255,510,23,49.51.152.023
49.51.150.0,49.51.151.255,49.51.151.255,510,23,49.51.150.023
49.51.148.0,49.51.149.255,49.51.149.255,510,23,49.51.148.023
49.51.146.0,49.51.147.255,49.51.147.255,510,23,49.51.146.023
49.51.144.0,49.51.145.255,49.51.145.255,510,23,49.51.144.023
49.51.144.0,49.51.159.255,49.51.159.255,4094,20,49.51.144.020
49.51.142.0,49.51.143.255,49.51.143.255,510,23,49.51.142.023
49.51.140.0,49.51.141.255,49.51.141.255,510,23,49.51.140.023
49.51.14.0,49.51.15.255,49.51.15.255,510,23,49.51.14.023
49.51.138.0,49.51.139.255,49.51.139.255,510,23,49.51.138.023
49.51.137.0,49.51.137.255,49.51.137.255,254,24,49.51.137.024
49.51.136.0,49.51.136.255,49.51.136.255,254,24,49.51.136.024
49.51.136.0,49.51.137.255,49.51.137.255,510,23,49.51.136.023
49.51.134.0,49.51.135.255,49.51.135.255,510,23,49.51.134.023
49.51.132.0,49.51.133.255,49.51.133.255,510,23,49.51.132.023
49.51.130.0,49.51.131.255,49.51.131.255,510,23,49.51.130.023
49.51.128.0,49.51.129.255,49.51.129.255,510,23,49.51.128.023
49.51.128.0,49.51.143.255,49.51.143.255,4094,20,49.51.128.020
49.51.12.0,49.51.13.255,49.51.13.255,510,23,49.51.12.023
49.51.108.0,49.51.109.255,49.51.109.255,510,23,49.51.108.023
49.51.104.0,49.51.107.255,49.51.107.255,1022,22,49.51.104.022
49.51.100.0,49.51.103.255,49.51.103.255,1022,22,49.51.100.022
49.51.10.0,49.51.11.255,49.51.11.255,510,23,49.51.10.023
49.51.0.0,49.51.1.255,49.51.1.255,510,23,49.51.0.023
49.51.0.0,49.51.31.255,49.51.31.255,8190,19,49.51.0.019
45.40.252.0,45.40.255.255,45.40.255.255,1022,22,45.40.252.022
45.40.248.0,45.40.251.255,45.40.251.255,1022,22,45.40.248.022
45.40.244.0,45.40.247.255,45.40.247.255,1022,22,45.40.244.022
45.40.240.0,45.40.243.255,45.40.243.255,1022,22,45.40.240.022
45.40.220.0,45.40.223.255,45.40.223.255,1022,22,45.40.220.022
45.40.216.0,45.40.219.255,45.40.219.255,1022,22,45.40.216.022
45.40.204.0,45.40.207.255,45.40.207.255,1022,22,45.40.204.022
45.40.200.0,45.40.203.255,45.40.203.255,1022,22,45.40.200.022
45.40.196.0,45.40.199.255,45.40.199.255,1022,22,45.40.196.022
45.40.192.0,45.40.195.255,45.40.195.255,1022,22,45.40.192.022
45.40.192.0,45.40.223.255,45.40.223.255,8190,19,45.40.192.019
45.40.192.0,45.40.255.255,45.40.255.255,16382,18,45.40.192.018
43.242.252.0,43.242.255.255,43.242.255.255,1022,22,43.242.252.022
211.159.254.0,211.159.255.255,211.159.255.255,510,23,211.159.254.023
211.159.252.0,211.159.253.255,211.159.253.255,510,23,211.159.252.023
211.159.246.0,211.159.247.255,211.159.247.255,510,23,211.159.246.023
211.159.244.0,211.159.245.255,211.159.245.255,510,23,211.159.244.023
211.159.240.0,211.159.243.255,211.159.243.255,1022,22,211.159.240.022
211.159.238.0,211.159.239.255,211.159.239.255,510,23,211.159.238.023
211.159.236.0,211.159.237.255,211.159.237.255,510,23,211.159.236.023
211.159.234.0,211.159.235.255,211.159.235.255,510,23,211.159.234.023
211.159.232.0,211.159.233.255,211.159.233.255,510,23,211.159.232.023
211.159.230.0,211.159.231.255,211.159.231.255,510,23,211.159.230.023
211.159.228.0,211.159.229.255,211.159.229.255,510,23,211.159.228.023
211.159.224.0,211.159.227.255,211.159.227.255,1022,22,211.159.224.022
211.159.220.0,211.159.223.255,211.159.223.255,1022,22,211.159.220.022
211.159.216.0,211.159.219.255,211.159.219.255,1022,22,211.159.216.022
211.159.212.0,211.159.215.255,211.159.215.255,1022,22,211.159.212.022
211.159.210.0,211.159.211.255,211.159.211.255,510,23,211.159.210.023
211.159.208.0,211.159.209.255,211.159.209.255,510,23,211.159.208.023
211.159.206.0,211.159.207.255,211.159.207.255,510,23,211.159.206.023
211.159.204.0,211.159.205.255,211.159.205.255,510,23,211.159.204.023
211.159.202.0,211.159.203.255,211.159.203.255,510,23,211.159.202.023
211.159.200.0,211.159.201.255,211.159.201.255,510,23,211.159.200.023
211.159.198.0,211.159.199.255,211.159.199.255,510,23,211.159.198.023
211.159.196.0,211.159.197.255,211.159.197.255,510,23,211.159.196.023
211.159.192.0,211.159.195.255,211.159.195.255,1022,22,211.159.192.022
211.159.190.0,211.159.191.255,211.159.191.255,510,23,211.159.190.023
211.159.188.0,211.159.189.255,211.159.189.255,510,23,211.159.188.023
211.159.186.0,211.159.187.255,211.159.187.255,510,23,211.159.186.023
211.159.184.0,211.159.185.255,211.159.185.255,510,23,211.159.184.023
211.159.182.0,211.159.183.255,211.159.183.255,510,23,211.159.182.023
211.159.180.0,211.159.181.255,211.159.181.255,510,23,211.159.180.023
211.159.178.0,211.159.179.255,211.159.179.255,510,23,211.159.178.023
211.159.176.0,211.159.177.255,211.159.177.255,510,23,211.159.176.023
211.159.174.0,211.159.175.255,211.159.175.255,510,23,211.159.174.023
211.159.172.0,211.159.173.255,211.159.173.255,510,23,211.159.172.023
211.159.170.0,211.159.171.255,211.159.171.255,510,23,211.159.170.023
211.159.168.0,211.159.169.255,211.159.169.255,510,23,211.159.168.023
211.159.166.0,211.159.167.255,211.159.167.255,510,23,211.159.166.023
211.159.164.0,211.159.165.255,211.159.165.255,510,23,211.159.164.023
211.159.162.0,211.159.163.255,211.159.163.255,510,23,211.159.162.023
211.159.160.0,211.159.161.255,211.159.161.255,510,23,211.159.160.023
211.159.158.0,211.159.159.255,211.159.159.255,510,23,211.159.158.023
211.159.156.0,211.159.157.255,211.159.157.255,510,23,211.159.156.023
211.159.154.0,211.159.155.255,211.159.155.255,510,23,211.159.154.023
211.159.152.0,211.159.153.255,211.159.153.255,510,23,211.159.152.023
211.159.150.0,211.159.151.255,211.159.151.255,510,23,211.159.150.023
211.159.148.0,211.159.149.255,211.159.149.255,510,23,211.159.148.023
211.159.146.0,211.159.147.255,211.159.147.255,510,23,211.159.146.023
211.159.144.0,211.159.145.255,211.159.145.255,510,23,211.159.144.023
211.159.142.0,211.159.143.255,211.159.143.255,510,23,211.159.142.023
211.159.138.0,211.159.139.255,211.159.139.255,510,23,211.159.138.023
211.159.136.0,211.159.137.255,211.159.137.255,510,23,211.159.136.023
211.159.134.0,211.159.135.255,211.159.135.255,510,23,211.159.134.023
211.159.132.0,211.159.133.255,211.159.133.255,510,23,211.159.132.023
211.159.130.0,211.159.131.255,211.159.131.255,510,23,211.159.130.023
211.159.128.0,211.159.129.255,211.159.129.255,510,23,211.159.128.023
211.159.128.0,211.159.255.255,211.159.255.255,32766,17,211.159.128.017
210.73.176.0,210.73.191.255,210.73.191.255,4094,20,210.73.176.020
210.73.160.0,210.73.175.255,210.73.175.255,4094,20,210.73.160.020
210.73.160.0,210.73.191.255,210.73.191.255,8190,19,210.73.160.019
203.195.254.0,203.195.255.255,203.195.255.255,510,23,203.195.254.023
203.195.252.0,203.195.253.255,203.195.253.255,510,23,203.195.252.023
203.195.250.0,203.195.251.255,203.195.251.255,510,23,203.195.250.023
203.195.248.0,203.195.249.255,203.195.249.255,510,23,203.195.248.023
203.195.246.0,203.195.247.255,203.195.247.255,510,23,203.195.246.023
203.195.244.0,203.195.245.255,203.195.245.255,510,23,203.195.244.023
203.195.242.0,203.195.243.255,203.195.243.255,510,23,203.195.242.023
203.195.240.0,203.195.241.255,203.195.241.255,510,23,203.195.240.023
203.195.238.0,203.195.239.255,203.195.239.255,510,23,203.195.238.023
203.195.236.0,203.195.237.255,203.195.237.255,510,23,203.195.236.023
203.195.234.0,203.195.235.255,203.195.235.255,510,23,203.195.234.023
203.195.232.0,203.195.233.255,203.195.233.255,510,23,203.195.232.023
203.195.230.0,203.195.231.255,203.195.231.255,510,23,203.195.230.023
203.195.228.0,203.195.229.255,203.195.229.255,510,23,203.195.228.023
203.195.227.0,203.195.227.255,203.195.227.255,254,24,203.195.227.024
203.195.226.0,203.195.226.255,203.195.226.255,254,24,203.195.226.024
203.195.224.0,203.195.225.255,203.195.225.255,510,23,203.195.224.023
203.195.222.0,203.195.223.255,203.195.223.255,510,23,203.195.222.023
203.195.220.0,203.195.221.255,203.195.221.255,510,23,203.195.220.023
203.195.218.0,203.195.219.255,203.195.219.255,510,23,203.195.218.023
203.195.216.0,203.195.217.255,203.195.217.255,510,23,203.195.216.023
203.195.214.0,203.195.215.255,203.195.215.255,510,23,203.195.214.023
203.195.212.0,203.195.213.255,203.195.213.255,510,23,203.195.212.023
203.195.210.0,203.195.211.255,203.195.211.255,510,23,203.195.210.023
203.195.208.0,203.195.209.255,203.195.209.255,510,23,203.195.208.023
203.195.206.0,203.195.207.255,203.195.207.255,510,23,203.195.206.023
203.195.204.0,203.195.205.255,203.195.205.255,510,23,203.195.204.023
203.195.202.0,203.195.203.255,203.195.203.255,510,23,203.195.202.023
203.195.200.0,203.195.201.255,203.195.201.255,510,23,203.195.200.023
203.195.198.0,203.195.199.255,203.195.199.255,510,23,203.195.198.023
203.195.196.0,203.195.197.255,203.195.197.255,510,23,203.195.196.023
203.195.194.0,203.195.195.255,203.195.195.255,510,23,203.195.194.023
203.195.192.0,203.195.193.255,203.195.193.255,510,23,203.195.192.023
203.195.190.0,203.195.191.255,203.195.191.255,510,23,203.195.190.023
203.195.188.0,203.195.189.255,203.195.189.255,510,23,203.195.188.023
203.195.186.0,203.195.187.255,203.195.187.255,510,23,203.195.186.023
203.195.184.0,203.195.185.255,203.195.185.255,510,23,203.195.184.023
203.195.182.0,203.195.183.255,203.195.183.255,510,23,203.195.182.023
203.195.180.0,203.195.181.255,203.195.181.255,510,23,203.195.180.023
203.195.178.0,203.195.179.255,203.195.179.255,510,23,203.195.178.023
203.195.176.0,203.195.177.255,203.195.177.255,510,23,203.195.176.023
203.195.174.0,203.195.175.255,203.195.175.255,510,23,203.195.174.023
203.195.172.0,203.195.173.255,203.195.173.255,510,23,203.195.172.023
203.195.170.0,203.195.171.255,203.195.171.255,510,23,203.195.170.023
203.195.168.0,203.195.169.255,203.195.169.255,510,23,203.195.168.023
203.195.166.0,203.195.167.255,203.195.167.255,510,23,203.195.166.023
203.195.164.0,203.195.165.255,203.195.165.255,510,23,203.195.164.023
203.195.162.0,203.195.163.255,203.195.163.255,510,23,203.195.162.023
203.195.160.0,203.195.161.255,203.195.161.255,510,23,203.195.160.023
203.195.158.0,203.195.159.255,203.195.159.255,510,23,203.195.158.023
203.195.156.0,203.195.157.255,203.195.157.255,510,23,203.195.156.023
203.195.154.0,203.195.155.255,203.195.155.255,510,23,203.195.154.023
203.195.152.0,203.195.153.255,203.195.153.255,510,23,203.195.152.023
203.195.150.0,203.195.151.255,203.195.151.255,510,23,203.195.150.023
203.195.148.0,203.195.149.255,203.195.149.255,510,23,203.195.148.023
203.195.146.0,203.195.147.255,203.195.147.255,510,23,203.195.146.023
203.195.144.0,203.195.145.255,203.195.145.255,510,23,203.195.144.023
203.195.142.0,203.195.143.255,203.195.143.255,510,23,203.195.142.023
203.195.140.0,203.195.141.255,203.195.141.255,510,23,203.195.140.023
203.195.138.0,203.195.139.255,203.195.139.255,510,23,203.195.138.023
203.195.136.0,203.195.137.255,203.195.137.255,510,23,203.195.136.023
203.195.134.0,203.195.135.255,203.195.135.255,510,23,203.195.134.023
203.195.132.0,203.195.133.255,203.195.133.255,510,23,203.195.132.023
203.195.130.0,203.195.131.255,203.195.131.255,510,23,203.195.130.023
203.195.128.0,203.195.129.255,203.195.129.255,510,23,203.195.128.023
203.195.128.0,203.195.255.255,203.195.255.255,32766,17,203.195.128.017
192.144.250.0,192.144.251.255,192.144.251.255,510,23,192.144.250.023
192.144.248.0,192.144.249.255,192.144.249.255,510,23,192.144.248.023
192.144.192.0,192.144.255.255,192.144.255.255,16382,18,192.144.192.018
192.144.128.0,192.144.191.255,192.144.191.255,16382,18,192.144.128.018
192.144.128.0,192.144.255.255,192.144.255.255,32766,17,192.144.128.017
182.254.250.0,182.254.250.255,182.254.250.255,254,24,182.254.250.024
182.254.249.0,182.254.249.255,182.254.249.255,254,24,182.254.249.024
182.254.248.0,182.254.248.255,182.254.248.255,254,24,182.254.248.024
182.254.246.0,182.254.247.255,182.254.247.255,510,23,182.254.246.023
182.254.244.0,182.254.245.255,182.254.245.255,510,23,182.254.244.023
182.254.242.0,182.254.243.255,182.254.243.255,510,23,182.254.242.023
182.254.240.0,182.254.241.255,182.254.241.255,510,23,182.254.240.023
182.254.238.0,182.254.239.255,182.254.239.255,510,23,182.254.238.023
182.254.236.0,182.254.237.255,182.254.237.255,510,23,182.254.236.023
182.254.234.0,182.254.235.255,182.254.235.255,510,23,182.254.234.023
182.254.232.0,182.254.233.255,182.254.233.255,510,23,182.254.232.023
182.254.230.0,182.254.231.255,182.254.231.255,510,23,182.254.230.023
182.254.228.0,182.254.229.255,182.254.229.255,510,23,182.254.228.023
182.254.226.0,182.254.227.255,182.254.227.255,510,23,182.254.226.023
182.254.224.0,182.254.225.255,182.254.225.255,510,23,182.254.224.023
182.254.222.0,182.254.223.255,182.254.223.255,510,23,182.254.222.023
182.254.220.0,182.254.221.255,182.254.221.255,510,23,182.254.220.023
182.254.218.0,182.254.219.255,182.254.219.255,510,23,182.254.218.023
182.254.216.0,182.254.217.255,182.254.217.255,510,23,182.254.216.023
182.254.214.0,182.254.215.255,182.254.215.255,510,23,182.254.214.023
182.254.212.0,182.254.213.255,182.254.213.255,510,23,182.254.212.023
182.254.210.0,182.254.211.255,182.254.211.255,510,23,182.254.210.023
182.254.208.0,182.254.209.255,182.254.209.255,510,23,182.254.208.023
182.254.206.0,182.254.207.255,182.254.207.255,510,23,182.254.206.023
182.254.204.0,182.254.205.255,182.254.205.255,510,23,182.254.204.023
182.254.202.0,182.254.203.255,182.254.203.255,510,23,182.254.202.023
182.254.200.0,182.254.201.255,182.254.201.255,510,23,182.254.200.023
182.254.198.0,182.254.199.255,182.254.199.255,510,23,182.254.198.023
182.254.196.0,182.254.197.255,182.254.197.255,510,23,182.254.196.023
182.254.194.0,182.254.195.255,182.254.195.255,510,23,182.254.194.023
182.254.192.0,182.254.193.255,182.254.193.255,510,23,182.254.192.023
182.254.190.0,182.254.191.255,182.254.191.255,510,23,182.254.190.023
182.254.188.0,182.254.189.255,182.254.189.255,510,23,182.254.188.023
182.254.186.0,182.254.187.255,182.254.187.255,510,23,182.254.186.023
182.254.184.0,182.254.185.255,182.254.185.255,510,23,182.254.184.023
182.254.182.0,182.254.183.255,182.254.183.255,510,23,182.254.182.023
182.254.180.0,182.254.181.255,182.254.181.255,510,23,182.254.180.023
182.254.178.0,182.254.179.255,182.254.179.255,510,23,182.254.178.023
182.254.176.0,182.254.177.255,182.254.177.255,510,23,182.254.176.023
182.254.174.0,182.254.175.255,182.254.175.255,510,23,182.254.174.023
182.254.172.0,182.254.173.255,182.254.173.255,510,23,182.254.172.023
182.254.170.0,182.254.171.255,182.254.171.255,510,23,182.254.170.023
182.254.168.0,182.254.169.255,182.254.169.255,510,23,182.254.168.023
182.254.166.0,182.254.167.255,182.254.167.255,510,23,182.254.166.023
182.254.164.0,182.254.165.255,182.254.165.255,510,23,182.254.164.023
182.254.162.0,182.254.163.255,182.254.163.255,510,23,182.254.162.023
182.254.160.0,182.254.161.255,182.254.161.255,510,23,182.254.160.023
182.254.159.0,182.254.159.255,182.254.159.255,254,24,182.254.159.024
182.254.158.0,182.254.159.255,182.254.159.255,510,23,182.254.158.023
182.254.156.0,182.254.157.255,182.254.157.255,510,23,182.254.156.023
182.254.154.0,182.254.155.255,182.254.155.255,510,23,182.254.154.023
182.254.152.0,182.254.153.255,182.254.153.255,510,23,182.254.152.023
182.254.150.0,182.254.151.255,182.254.151.255,510,23,182.254.150.023
182.254.148.0,182.254.149.255,182.254.149.255,510,23,182.254.148.023
182.254.146.0,182.254.147.255,182.254.147.255,510,23,182.254.146.023
182.254.144.0,182.254.145.255,182.254.145.255,510,23,182.254.144.023
182.254.142.0,182.254.143.255,182.254.143.255,510,23,182.254.142.023
182.254.140.0,182.254.141.255,182.254.141.255,510,23,182.254.140.023
182.254.138.0,182.254.139.255,182.254.139.255,510,23,182.254.138.023
182.254.136.0,182.254.137.255,182.254.137.255,510,23,182.254.136.023
182.254.134.0,182.254.135.255,182.254.135.255,510,23,182.254.134.023
182.254.132.0,182.254.133.255,182.254.133.255,510,23,182.254.132.023
182.254.130.0,182.254.131.255,182.254.131.255,510,23,182.254.130.023
182.254.128.0,182.254.129.255,182.254.129.255,510,23,182.254.128.023
182.254.128.0,182.254.255.255,182.254.255.255,32766,17,182.254.128.017
172.81.240.0,172.81.255.255,172.81.255.255,4094,20,172.81.240.020
172.81.224.0,172.81.239.255,172.81.239.255,4094,20,172.81.224.020
172.81.208.0,172.81.223.255,172.81.223.255,4094,20,172.81.208.020
172.81.204.0,172.81.207.255,172.81.207.255,1022,22,172.81.204.022
172.81.202.0,172.81.203.255,172.81.203.255,510,23,172.81.202.023
172.81.200.0,172.81.201.255,172.81.201.255,510,23,172.81.200.023
172.81.192.0,172.81.199.255,172.81.199.255,2046,21,172.81.192.021
172.81.192.0,172.81.255.255,172.81.255.255,16382,18,172.81.192.018
170.106.130.0,170.106.130.255,170.106.130.255,254,24,170.106.130.024
170.106.130.0,170.106.131.255,170.106.131.255,510,23,170.106.130.023
170.106.129.0,170.106.129.255,170.106.129.255,254,24,170.106.129.024
170.106.128.0,170.106.128.255,170.106.128.255,254,24,170.106.128.024
170.106.128.0,170.106.129.255,170.106.129.255,510,23,170.106.128.023
162.62.96.0,162.62.99.255,162.62.99.255,1022,22,162.62.96.022
162.62.8.0,162.62.9.255,162.62.9.255,510,23,162.62.8.023
162.62.6.0,162.62.7.255,162.62.7.255,510,23,162.62.6.023
162.62.4.0,162.62.5.255,162.62.5.255,510,23,162.62.4.023
162.62.28.0,162.62.29.255,162.62.29.255,510,23,162.62.28.023
162.62.26.0,162.62.27.255,162.62.27.255,510,23,162.62.26.023
162.62.24.0,162.62.25.255,162.62.25.255,510,23,162.62.24.023
162.62.22.0,162.62.23.255,162.62.23.255,510,23,162.62.22.023
162.62.20.0,162.62.21.255,162.62.21.255,510,23,162.62.20.023
162.62.2.0,162.62.3.255,162.62.3.255,510,23,162.62.2.023
162.62.18.0,162.62.19.255,162.62.19.255,510,23,162.62.18.023
162.62.16.0,162.62.17.255,162.62.17.255,510,23,162.62.16.023
162.62.14.0,162.62.15.255,162.62.15.255,510,23,162.62.14.023
162.62.128.0,162.62.128.255,162.62.128.255,254,24,162.62.128.024
162.62.128.0,162.62.129.255,162.62.129.255,510,23,162.62.128.023
162.62.12.0,162.62.13.255,162.62.13.255,510,23,162.62.12.023
162.62.10.0,162.62.11.255,162.62.11.255,510,23,162.62.10.023
162.62.0.0,162.62.1.255,162.62.1.255,510,23,162.62.0.023
162.62.0.0,162.62.31.255,162.62.31.255,8190,19,162.62.0.019
162.62.0.0,162.62.255.255,162.62.255.255,65534,16,162.62.0.016
162.14.0.0,162.14.255.255,162.14.255.255,65534,16,162.14.0.016
154.8.248.0,154.8.255.255,154.8.255.255,2046,21,154.8.248.021
154.8.240.0,154.8.247.255,154.8.247.255,2046,21,154.8.240.021
154.8.240.0,154.8.255.255,154.8.255.255,4094,20,154.8.240.020
154.8.224.0,154.8.239.255,154.8.239.255,4094,20,154.8.224.020
154.8.208.0,154.8.223.255,154.8.223.255,4094,20,154.8.208.020
154.8.204.0,154.8.205.255,154.8.205.255,510,23,154.8.204.023
154.8.200.0,154.8.203.255,154.8.203.255,1022,22,154.8.200.022
154.8.192.0,154.8.199.255,154.8.199.255,2046,21,154.8.192.021
154.8.160.0,154.8.191.255,154.8.191.255,8190,19,154.8.160.019
154.8.134.0,154.8.135.255,154.8.135.255,510,23,154.8.134.023
154.8.132.0,154.8.133.255,154.8.133.255,510,23,154.8.132.023
154.8.130.0,154.8.131.255,154.8.131.255,510,23,154.8.130.023
154.8.128.0,154.8.129.255,154.8.129.255,510,23,154.8.128.023
152.136.0.0,152.136.255.255,152.136.255.255,65534,16,152.136.0.016
150.109.90.0,150.109.91.255,150.109.91.255,510,23,150.109.90.023
150.109.89.0,150.109.89.255,150.109.89.255,254,24,150.109.89.024
150.109.88.0,150.109.88.255,150.109.88.255,254,24,150.109.88.024
150.109.86.0,150.109.87.255,150.109.87.255,510,23,150.109.86.023
150.109.84.0,150.109.85.255,150.109.85.255,510,23,150.109.84.023
150.109.82.0,150.109.83.255,150.109.83.255,510,23,150.109.82.023
150.109.80.0,150.109.81.255,150.109.81.255,510,23,150.109.80.023
150.109.8.0,150.109.11.255,150.109.11.255,1022,22,150.109.8.022
150.109.64.0,150.109.79.255,150.109.79.255,4094,20,150.109.64.020
150.109.60.0,150.109.63.255,150.109.63.255,1022,22,150.109.60.022
150.109.56.0,150.109.59.255,150.109.59.255,1022,22,150.109.56.022
150.109.52.0,150.109.55.255,150.109.55.255,1022,22,150.109.52.022
150.109.48.0,150.109.51.255,150.109.51.255,1022,22,150.109.48.022
150.109.44.0,150.109.47.255,150.109.47.255,1022,22,150.109.44.022
150.109.40.0,150.109.43.255,150.109.43.255,1022,22,150.109.40.022
150.109.4.0,150.109.7.255,150.109.7.255,1022,22,150.109.4.022
150.109.36.0,150.109.39.255,150.109.39.255,1022,22,150.109.36.022
150.109.32.0,150.109.35.255,150.109.35.255,1022,22,150.109.32.022
150.109.28.0,150.109.31.255,150.109.31.255,1022,22,150.109.28.022
150.109.24.0,150.109.27.255,150.109.27.255,1022,22,150.109.24.022
150.109.224.0,150.109.255.255,150.109.255.255,8190,19,150.109.224.019
150.109.206.0,150.109.207.255,150.109.207.255,510,23,150.109.206.023
150.109.204.0,150.109.205.255,150.109.205.255,510,23,150.109.204.023
150.109.200.0,150.109.203.255,150.109.203.255,1022,22,150.109.200.022
150.109.20.0,150.109.23.255,150.109.23.255,1022,22,150.109.20.022
150.109.192.0,150.109.199.255,150.109.199.255,2046,21,150.109.192.021
150.109.188.0,150.109.191.255,150.109.191.255,1022,22,150.109.188.022
150.109.184.0,150.109.187.255,150.109.187.255,1022,22,150.109.184.022
150.109.180.0,150.109.183.255,150.109.183.255,1022,22,150.109.180.022
150.109.176.0,150.109.179.255,150.109.179.255,1022,22,150.109.176.022
150.109.172.0,150.109.175.255,150.109.175.255,1022,22,150.109.172.022
150.109.168.0,150.109.171.255,150.109.171.255,1022,22,150.109.168.022
150.109.164.0,150.109.167.255,150.109.167.255,1022,22,150.109.164.022
150.109.160.0,150.109.163.255,150.109.163.255,1022,22,150.109.160.022
150.109.16.0,150.109.19.255,150.109.19.255,1022,22,150.109.16.022
150.109.138.0,150.109.139.255,150.109.139.255,510,23,150.109.138.023
150.109.134.0,150.109.135.255,150.109.135.255,510,23,150.109.134.023
150.109.133.0,150.109.133.255,150.109.133.255,254,24,150.109.133.024
150.109.132.0,150.109.132.255,150.109.132.255,254,24,150.109.132.024
150.109.132.0,150.109.133.255,150.109.133.255,510,23,150.109.132.023
150.109.130.0,150.109.131.255,150.109.131.255,510,23,150.109.130.023
150.109.128.0,150.109.129.255,150.109.129.255,510,23,150.109.128.023
150.109.0.0,150.109.3.255,150.109.3.255,1022,22,150.109.0.022
148.70.0.0,148.70.255.255,148.70.255.255,65534,16,148.70.0.016
146.56.192.0,146.56.255.255,146.56.255.255,16382,18,146.56.192.018
140.143.96.0,140.143.99.255,140.143.99.255,1022,22,140.143.96.022
140.143.92.0,140.143.95.255,140.143.95.255,1022,22,140.143.92.022
140.143.88.0,140.143.91.255,140.143.91.255,1022,22,140.143.88.022
140.143.84.0,140.143.87.255,140.143.87.255,1022,22,140.143.84.022
140.143.82.0,140.143.83.255,140.143.83.255,510,23,140.143.82.023
140.143.80.0,140.143.81.255,140.143.81.255,510,23,140.143.80.023
140.143.64.0,140.143.79.255,140.143.79.255,4094,20,140.143.64.020
140.143.48.0,140.143.63.255,140.143.63.255,4094,20,140.143.48.020
140.143.32.0,140.143.47.255,140.143.47.255,4094,20,140.143.32.020
140.143.254.0,140.143.255.255,140.143.255.255,510,23,140.143.254.023
140.143.252.0,140.143.253.255,140.143.253.255,510,23,140.143.252.023
140.143.248.0,140.143.251.255,140.143.251.255,1022,22,140.143.248.022
140.143.244.0,140.143.247.255,140.143.247.255,1022,22,140.143.244.022
140.143.240.0,140.143.243.255,140.143.243.255,1022,22,140.143.240.022
140.143.236.0,140.143.239.255,140.143.239.255,1022,22,140.143.236.022
140.143.232.0,140.143.235.255,140.143.235.255,1022,22,140.143.232.022
140.143.228.0,140.143.231.255,140.143.231.255,1022,22,140.143.228.022
140.143.224.0,140.143.227.255,140.143.227.255,1022,22,140.143.224.022
140.143.220.0,140.143.223.255,140.143.223.255,1022,22,140.143.220.022
140.143.216.0,140.143.219.255,140.143.219.255,1022,22,140.143.216.022
140.143.212.0,140.143.215.255,140.143.215.255,1022,22,140.143.212.022
140.143.208.0,140.143.211.255,140.143.211.255,1022,22,140.143.208.022
140.143.204.0,140.143.207.255,140.143.207.255,1022,22,140.143.204.022
140.143.200.0,140.143.203.255,140.143.203.255,1022,22,140.143.200.022
140.143.196.0,140.143.199.255,140.143.199.255,1022,22,140.143.196.022
140.143.192.0,140.143.195.255,140.143.195.255,1022,22,140.143.192.022
140.143.188.0,140.143.191.255,140.143.191.255,1022,22,140.143.188.022
140.143.184.0,140.143.187.255,140.143.187.255,1022,22,140.143.184.022
140.143.180.0,140.143.183.255,140.143.183.255,1022,22,140.143.180.022
140.143.176.0,140.143.179.255,140.143.179.255,1022,22,140.143.176.022
140.143.172.0,140.143.175.255,140.143.175.255,1022,22,140.143.172.022
140.143.168.0,140.143.171.255,140.143.171.255,1022,22,140.143.168.022
140.143.164.0,140.143.167.255,140.143.167.255,1022,22,140.143.164.022
140.143.160.0,140.143.163.255,140.143.163.255,1022,22,140.143.160.022
140.143.16.0,140.143.31.255,140.143.31.255,4094,20,140.143.16.020
140.143.156.0,140.143.159.255,140.143.159.255,1022,22,140.143.156.022
140.143.152.0,140.143.155.255,140.143.155.255,1022,22,140.143.152.022
140.143.148.0,140.143.151.255,140.143.151.255,1022,22,140.143.148.022
140.143.144.0,140.143.147.255,140.143.147.255,1022,22,140.143.144.022
140.143.140.0,140.143.143.255,140.143.143.255,1022,22,140.143.140.022
140.143.136.0,140.143.139.255,140.143.139.255,1022,22,140.143.136.022
140.143.132.0,140.143.135.255,140.143.135.255,1022,22,140.143.132.022
140.143.128.0,140.143.131.255,140.143.131.255,1022,22,140.143.128.022
140.143.124.0,140.143.127.255,140.143.127.255,1022,22,140.143.124.022
140.143.120.0,140.143.123.255,140.143.123.255,1022,22,140.143.120.022
140.143.116.0,140.143.119.255,140.143.119.255,1022,22,140.143.116.022
140.143.114.0,140.143.115.255,140.143.115.255,510,23,140.143.114.023
140.143.110.0,140.143.111.255,140.143.111.255,510,23,140.143.110.023
140.143.108.0,140.143.109.255,140.143.109.255,510,23,140.143.108.023
140.143.104.0,140.143.107.255,140.143.107.255,1022,22,140.143.104.022
140.143.102.0,140.143.103.255,140.143.103.255,510,23,140.143.102.023
140.143.100.0,140.143.101.255,140.143.101.255,510,23,140.143.100.023
140.143.0.0,140.143.15.255,140.143.15.255,4094,20,140.143.0.020
140.143.0.0,140.143.255.255,140.143.255.255,65534,16,140.143.0.016
139.199.96.0,139.199.111.255,139.199.111.255,4094,20,139.199.96.020
139.199.94.0,139.199.95.255,139.199.95.255,510,23,139.199.94.023
139.199.92.0,139.199.93.255,139.199.93.255,510,23,139.199.92.023
139.199.90.0,139.199.91.255,139.199.91.255,510,23,139.199.90.023
139.199.88.0,139.199.89.255,139.199.89.255,510,23,139.199.88.023
139.199.86.0,139.199.87.255,139.199.87.255,510,23,139.199.86.023
139.199.84.0,139.199.85.255,139.199.85.255,510,23,139.199.84.023
139.199.82.0,139.199.83.255,139.199.83.255,510,23,139.199.82.023
139.199.80.0,139.199.81.255,139.199.81.255,510,23,139.199.80.023
139.199.8.0,139.199.9.255,139.199.9.255,510,23,139.199.8.023
139.199.78.0,139.199.79.255,139.199.79.255,510,23,139.199.78.023
139.199.76.0,139.199.77.255,139.199.77.255,510,23,139.199.76.023
139.199.74.0,139.199.75.255,139.199.75.255,510,23,139.199.74.023
139.199.72.0,139.199.73.255,139.199.73.255,510,23,139.199.72.023
139.199.70.0,139.199.71.255,139.199.71.255,510,23,139.199.70.023
139.199.68.0,139.199.69.255,139.199.69.255,510,23,139.199.68.023
139.199.66.0,139.199.67.255,139.199.67.255,510,23,139.199.66.023
139.199.64.0,139.199.65.255,139.199.65.255,510,23,139.199.64.023
139.199.62.0,139.199.63.255,139.199.63.255,510,23,139.199.62.023
139.199.60.0,139.199.61.255,139.199.61.255,510,23,139.199.60.023
139.199.6.0,139.199.7.255,139.199.7.255,510,23,139.199.6.023
139.199.58.0,139.199.59.255,139.199.59.255,510,23,139.199.58.023
139.199.56.0,139.199.57.255,139.199.57.255,510,23,139.199.56.023
139.199.54.0,139.199.55.255,139.199.55.255,510,23,139.199.54.023
139.199.53.0,139.199.53.255,139.199.53.255,254,24,139.199.53.024
139.199.52.0,139.199.52.255,139.199.52.255,254,24,139.199.52.024
139.199.50.0,139.199.51.255,139.199.51.255,510,23,139.199.50.023
139.199.48.0,139.199.49.255,139.199.49.255,510,23,139.199.48.023
139.199.46.0,139.199.47.255,139.199.47.255,510,23,139.199.46.023
139.199.44.0,139.199.45.255,139.199.45.255,510,23,139.199.44.023
139.199.44.0,139.199.47.255,139.199.47.255,1022,22,139.199.44.022
139.199.42.0,139.199.43.255,139.199.43.255,510,23,139.199.42.023
139.199.40.0,139.199.41.255,139.199.41.255,510,23,139.199.40.023
139.199.4.0,139.199.5.255,139.199.5.255,510,23,139.199.4.023
139.199.32.0,139.199.39.255,139.199.39.255,2046,21,139.199.32.021
139.199.254.0,139.199.255.255,139.199.255.255,510,23,139.199.254.023
139.199.252.0,139.199.253.255,139.199.253.255,510,23,139.199.252.023
139.199.252.0,139.199.255.255,139.199.255.255,1022,22,139.199.252.022
139.199.250.0,139.199.251.255,139.199.251.255,510,23,139.199.250.023
139.199.248.0,139.199.249.255,139.199.249.255,510,23,139.199.248.023
139.199.246.0,139.199.247.255,139.199.247.255,510,23,139.199.246.023
139.199.244.0,139.199.245.255,139.199.245.255,510,23,139.199.244.023
139.199.242.0,139.199.243.255,139.199.243.255,510,23,139.199.242.023
139.199.240.0,139.199.241.255,139.199.241.255,510,23,139.199.240.023
139.199.24.0,139.199.31.255,139.199.31.255,2046,21,139.199.24.021
139.199.238.0,139.199.239.255,139.199.239.255,510,23,139.199.238.023
139.199.237.0,139.199.237.255,139.199.237.255,254,24,139.199.237.024
139.199.236.0,139.199.236.255,139.199.236.255,254,24,139.199.236.024
139.199.234.0,139.199.235.255,139.199.235.255,510,23,139.199.234.023
139.199.232.0,139.199.233.255,139.199.233.255,510,23,139.199.232.023
139.199.230.0,139.199.231.255,139.199.231.255,510,23,139.199.230.023
139.199.228.0,139.199.229.255,139.199.229.255,510,23,139.199.228.023
139.199.226.0,139.199.227.255,139.199.227.255,510,23,139.199.226.023
139.199.224.0,139.199.225.255,139.199.225.255,510,23,139.199.224.023
139.199.222.0,139.199.223.255,139.199.223.255,510,23,139.199.222.023
139.199.220.0,139.199.221.255,139.199.221.255,510,23,139.199.220.023
139.199.218.0,139.199.219.255,139.199.219.255,510,23,139.199.218.023
139.199.216.0,139.199.217.255,139.199.217.255,510,23,139.199.216.023
139.199.214.0,139.199.215.255,139.199.215.255,510,23,139.199.214.023
139.199.212.0,139.199.213.255,139.199.213.255,510,23,139.199.212.023
139.199.210.0,139.199.211.255,139.199.211.255,510,23,139.199.210.023
139.199.208.0,139.199.209.255,139.199.209.255,510,23,139.199.208.023
139.199.206.0,139.199.207.255,139.199.207.255,510,23,139.199.206.023
139.199.204.0,139.199.205.255,139.199.205.255,510,23,139.199.204.023
139.199.202.0,139.199.203.255,139.199.203.255,510,23,139.199.202.023
139.199.200.0,139.199.201.255,139.199.201.255,510,23,139.199.200.023
139.199.20.0,139.199.23.255,139.199.23.255,1022,22,139.199.20.022
139.199.2.0,139.199.3.255,139.199.3.255,510,23,139.199.2.023
139.199.198.0,139.199.199.255,139.199.199.255,510,23,139.199.198.023
139.199.196.0,139.199.197.255,139.199.197.255,510,23,139.199.196.023
139.199.194.0,139.199.195.255,139.199.195.255,510,23,139.199.194.023
139.199.192.0,139.199.193.255,139.199.193.255,510,23,139.199.192.023
139.199.190.0,139.199.191.255,139.199.191.255,510,23,139.199.190.023
139.199.188.0,139.199.189.255,139.199.189.255,510,23,139.199.188.023
139.199.186.0,139.199.187.255,139.199.187.255,510,23,139.199.186.023
139.199.184.0,139.199.185.255,139.199.185.255,510,23,139.199.184.023
139.199.182.0,139.199.183.255,139.199.183.255,510,23,139.199.182.023
139.199.180.0,139.199.181.255,139.199.181.255,510,23,139.199.180.023
139.199.18.0,139.199.19.255,139.199.19.255,510,23,139.199.18.023
139.199.178.0,139.199.179.255,139.199.179.255,510,23,139.199.178.023
139.199.176.0,139.199.177.255,139.199.177.255,510,23,139.199.176.023
139.199.174.0,139.199.175.255,139.199.175.255,510,23,139.199.174.023
139.199.172.0,139.199.173.255,139.199.173.255,510,23,139.199.172.023
139.199.170.0,139.199.171.255,139.199.171.255,510,23,139.199.170.023
139.199.168.0,139.199.169.255,139.199.169.255,510,23,139.199.168.023
139.199.166.0,139.199.167.255,139.199.167.255,510,23,139.199.166.023
139.199.164.0,139.199.165.255,139.199.165.255,510,23,139.199.164.023
139.199.162.0,139.199.163.255,139.199.163.255,510,23,139.199.162.023
139.199.160.0,139.199.161.255,139.199.161.255,510,23,139.199.160.023
139.199.16.0,139.199.17.255,139.199.17.255,510,23,139.199.16.023
139.199.158.0,139.199.159.255,139.199.159.255,510,23,139.199.158.023
139.199.156.0,139.199.157.255,139.199.157.255,510,23,139.199.156.023
139.199.154.0,139.199.155.255,139.199.155.255,510,23,139.199.154.023
139.199.152.0,139.199.153.255,139.199.153.255,510,23,139.199.152.023
139.199.150.0,139.199.151.255,139.199.151.255,510,23,139.199.150.023
139.199.148.0,139.199.149.255,139.199.149.255,510,23,139.199.148.023
139.199.144.0,139.199.145.255,139.199.145.255,510,23,139.199.144.023
139.199.142.0,139.199.143.255,139.199.143.255,510,23,139.199.142.023
139.199.140.0,139.199.140.255,139.199.140.255,254,24,139.199.140.024
139.199.140.0,139.199.141.255,139.199.141.255,510,23,139.199.140.023
139.199.140.0,139.199.143.255,139.199.143.255,1022,22,139.199.140.022
139.199.14.0,139.199.15.255,139.199.15.255,510,23,139.199.14.023
139.199.138.0,139.199.139.255,139.199.139.255,510,23,139.199.138.023
139.199.136.0,139.199.137.255,139.199.137.255,510,23,139.199.136.023
139.199.136.0,139.199.139.255,139.199.139.255,1022,22,139.199.136.022
139.199.128.0,139.199.135.255,139.199.135.255,2046,21,139.199.128.021
139.199.12.0,139.199.13.255,139.199.13.255,510,23,139.199.12.023
139.199.112.0,139.199.127.255,139.199.127.255,4094,20,139.199.112.020
139.199.10.0,139.199.11.255,139.199.11.255,510,23,139.199.10.023
139.199.0.0,139.199.1.255,139.199.1.255,510,23,139.199.0.023
139.199.0.0,139.199.255.255,139.199.255.255,65534,16,139.199.0.016
134.175.96.0,134.175.111.255,134.175.111.255,4094,20,134.175.96.020
134.175.80.0,134.175.95.255,134.175.95.255,4094,20,134.175.80.020
134.175.64.0,134.175.79.255,134.175.79.255,4094,20,134.175.64.020
134.175.48.0,134.175.63.255,134.175.63.255,4094,20,134.175.48.020
134.175.32.0,134.175.47.255,134.175.47.255,4094,20,134.175.32.020
134.175.240.0,134.175.255.255,134.175.255.255,4094,20,134.175.240.020
134.175.232.0,134.175.239.255,134.175.239.255,2046,21,134.175.232.021
134.175.208.0,134.175.215.255,134.175.215.255,2046,21,134.175.208.021
134.175.208.0,134.175.223.255,134.175.223.255,4094,20,134.175.208.020
134.175.192.0,134.175.207.255,134.175.207.255,4094,20,134.175.192.020
134.175.176.0,134.175.191.255,134.175.191.255,4094,20,134.175.176.020
134.175.160.0,134.175.175.255,134.175.175.255,4094,20,134.175.160.020
134.175.16.0,134.175.31.255,134.175.31.255,4094,20,134.175.16.020
134.175.144.0,134.175.159.255,134.175.159.255,4094,20,134.175.144.020
134.175.128.0,134.175.143.255,134.175.143.255,4094,20,134.175.128.020
134.175.112.0,134.175.127.255,134.175.127.255,4094,20,134.175.112.020
134.175.0.0,134.175.15.255,134.175.15.255,4094,20,134.175.0.020
134.175.0.0,134.175.255.255,134.175.255.255,65534,16,134.175.0.016
132.232.96.0,132.232.111.255,132.232.111.255,4094,20,132.232.96.020
132.232.80.0,132.232.95.255,132.232.95.255,4094,20,132.232.80.020
132.232.64.0,132.232.79.255,132.232.79.255,4094,20,132.232.64.020
132.232.48.0,132.232.63.255,132.232.63.255,4094,20,132.232.48.020
132.232.32.0,132.232.47.255,132.232.47.255,4094,20,132.232.32.020
132.232.240.0,132.232.255.255,132.232.255.255,4094,20,132.232.240.020
132.232.224.0,132.232.239.255,132.232.239.255,4094,20,132.232.224.020
132.232.208.0,132.232.223.255,132.232.223.255,4094,20,132.232.208.020
132.232.192.0,132.232.207.255,132.232.207.255,4094,20,132.232.192.020
132.232.176.0,132.232.191.255,132.232.191.255,4094,20,132.232.176.020
132.232.160.0,132.232.175.255,132.232.175.255,4094,20,132.232.160.020
132.232.16.0,132.232.31.255,132.232.31.255,4094,20,132.232.16.020
132.232.144.0,132.232.159.255,132.232.159.255,4094,20,132.232.144.020
132.232.128.0,132.232.143.255,132.232.143.255,4094,20,132.232.128.020
132.232.112.0,132.232.127.255,132.232.127.255,4094,20,132.232.112.020
132.232.0.0,132.232.15.255,132.232.15.255,4094,20,132.232.0.020
132.232.0.0,132.232.255.255,132.232.255.255,65534,16,132.232.0.016
129.28.0.0,129.28.255.255,129.28.255.255,65534,16,129.28.0.016
129.226.0.0,129.226.255.255,129.226.255.255,65534,16,129.226.0.016
129.211.0.0,129.211.255.255,129.211.255.255,65534,16,129.211.0.016
129.204.0.0,129.204.255.255,129.204.255.255,65534,16,129.204.0.016
128.108.0.0,128.108.255.255,128.108.255.255,65534,16,128.108.0.016
123.207.98.0,123.207.99.255,123.207.99.255,510,23,123.207.98.023
123.207.96.0,123.207.97.255,123.207.97.255,510,23,123.207.96.023
123.207.94.0,123.207.95.255,123.207.95.255,510,23,123.207.94.023
123.207.92.0,123.207.93.255,123.207.93.255,510,23,123.207.92.023
123.207.90.0,123.207.91.255,123.207.91.255,510,23,123.207.90.023
123.207.88.0,123.207.89.255,123.207.89.255,510,23,123.207.88.023
123.207.86.0,123.207.87.255,123.207.87.255,510,23,123.207.86.023
123.207.84.0,123.207.85.255,123.207.85.255,510,23,123.207.84.023
123.207.82.0,123.207.83.255,123.207.83.255,510,23,123.207.82.023
123.207.80.0,123.207.81.255,123.207.81.255,510,23,123.207.80.023
123.207.8.0,123.207.9.255,123.207.9.255,510,23,123.207.8.023
123.207.78.0,123.207.79.255,123.207.79.255,510,23,123.207.78.023
123.207.76.0,123.207.77.255,123.207.77.255,510,23,123.207.76.023
123.207.74.0,123.207.75.255,123.207.75.255,510,23,123.207.74.023
123.207.72.0,123.207.73.255,123.207.73.255,510,23,123.207.72.023
123.207.70.0,123.207.71.255,123.207.71.255,510,23,123.207.70.023
123.207.68.0,123.207.69.255,123.207.69.255,510,23,123.207.68.023
123.207.66.0,123.207.67.255,123.207.67.255,510,23,123.207.66.023
123.207.64.0,123.207.65.255,123.207.65.255,510,23,123.207.64.023
123.207.62.0,123.207.63.255,123.207.63.255,510,23,123.207.62.023
123.207.60.0,123.207.61.255,123.207.61.255,510,23,123.207.60.023
123.207.6.0,123.207.7.255,123.207.7.255,510,23,123.207.6.023
123.207.58.0,123.207.59.255,123.207.59.255,510,23,123.207.58.023
123.207.56.0,123.207.57.255,123.207.57.255,510,23,123.207.56.023
123.207.54.0,123.207.55.255,123.207.55.255,510,23,123.207.54.023
123.207.52.0,123.207.53.255,123.207.53.255,510,23,123.207.52.023
123.207.50.0,123.207.51.255,123.207.51.255,510,23,123.207.50.023
123.207.48.0,123.207.49.255,123.207.49.255,510,23,123.207.48.023
123.207.46.0,123.207.47.255,123.207.47.255,510,23,123.207.46.023
123.207.44.0,123.207.45.255,123.207.45.255,510,23,123.207.44.023
123.207.42.0,123.207.43.255,123.207.43.255,510,23,123.207.42.023
123.207.40.0,123.207.41.255,123.207.41.255,510,23,123.207.40.023
123.207.4.0,123.207.5.255,123.207.5.255,510,23,123.207.4.023
123.207.38.0,123.207.39.255,123.207.39.255,510,23,123.207.38.023
123.207.36.0,123.207.37.255,123.207.37.255,510,23,123.207.36.023
123.207.34.0,123.207.35.255,123.207.35.255,510,23,123.207.34.023
123.207.32.0,123.207.33.255,123.207.33.255,510,23,123.207.32.023
123.207.30.0,123.207.31.255,123.207.31.255,510,23,123.207.30.023
123.207.28.0,123.207.29.255,123.207.29.255,510,23,123.207.28.023
123.207.26.0,123.207.27.255,123.207.27.255,510,23,123.207.26.023
123.207.254.0,123.207.255.255,123.207.255.255,510,23,123.207.254.023
123.207.252.0,123.207.253.255,123.207.253.255,510,23,123.207.252.023
123.207.250.0,123.207.251.255,123.207.251.255,510,23,123.207.250.023
123.207.248.0,123.207.249.255,123.207.249.255,510,23,123.207.248.023
123.207.246.0,123.207.247.255,123.207.247.255,510,23,123.207.246.023
123.207.244.0,123.207.245.255,123.207.245.255,510,23,123.207.244.023
123.207.242.0,123.207.243.255,123.207.243.255,510,23,123.207.242.023
123.207.240.0,123.207.241.255,123.207.241.255,510,23,123.207.240.023
123.207.24.0,123.207.25.255,123.207.25.255,510,23,123.207.24.023
123.207.238.0,123.207.239.255,123.207.239.255,510,23,123.207.238.023
123.207.236.0,123.207.237.255,123.207.237.255,510,23,123.207.236.023
123.207.234.0,123.207.235.255,123.207.235.255,510,23,123.207.234.023
123.207.232.0,123.207.233.255,123.207.233.255,510,23,123.207.232.023
123.207.230.0,123.207.231.255,123.207.231.255,510,23,123.207.230.023
123.207.228.0,123.207.229.255,123.207.229.255,510,23,123.207.228.023
123.207.226.0,123.207.227.255,123.207.227.255,510,23,123.207.226.023
123.207.224.0,123.207.225.255,123.207.225.255,510,23,123.207.224.023
123.207.222.0,123.207.223.255,123.207.223.255,510,23,123.207.222.023
123.207.220.0,123.207.221.255,123.207.221.255,510,23,123.207.220.023
123.207.22.0,123.207.23.255,123.207.23.255,510,23,123.207.22.023
123.207.218.0,123.207.219.255,123.207.219.255,510,23,123.207.218.023
123.207.216.0,123.207.217.255,123.207.217.255,510,23,123.207.216.023
123.207.214.0,123.207.215.255,123.207.215.255,510,23,123.207.214.023
123.207.212.0,123.207.213.255,123.207.213.255,510,23,123.207.212.023
123.207.210.0,123.207.211.255,123.207.211.255,510,23,123.207.210.023
123.207.208.0,123.207.209.255,123.207.209.255,510,23,123.207.208.023
123.207.206.0,123.207.207.255,123.207.207.255,510,23,123.207.206.023
123.207.204.0,123.207.205.255,123.207.205.255,510,23,123.207.204.023
123.207.202.0,123.207.203.255,123.207.203.255,510,23,123.207.202.023
123.207.200.0,123.207.201.255,123.207.201.255,510,23,123.207.200.023
123.207.20.0,123.207.21.255,123.207.21.255,510,23,123.207.20.023
123.207.2.0,123.207.3.255,123.207.3.255,510,23,123.207.2.023
123.207.198.0,123.207.199.255,123.207.199.255,510,23,123.207.198.023
123.207.196.0,123.207.197.255,123.207.197.255,510,23,123.207.196.023
123.207.194.0,123.207.195.255,123.207.195.255,510,23,123.207.194.023
123.207.192.0,123.207.193.255,123.207.193.255,510,23,123.207.192.023
123.207.190.0,123.207.191.255,123.207.191.255,510,23,123.207.190.023
123.207.188.0,123.207.189.255,123.207.189.255,510,23,123.207.188.023
123.207.186.0,123.207.187.255,123.207.187.255,510,23,123.207.186.023
123.207.184.0,123.207.185.255,123.207.185.255,510,23,123.207.184.023
123.207.182.0,123.207.183.255,123.207.183.255,510,23,123.207.182.023
123.207.180.0,123.207.181.255,123.207.181.255,510,23,123.207.180.023
123.207.18.0,123.207.19.255,123.207.19.255,510,23,123.207.18.023
123.207.178.0,123.207.179.255,123.207.179.255,510,23,123.207.178.023
123.207.176.0,123.207.177.255,123.207.177.255,510,23,123.207.176.023
123.207.160.0,123.207.175.255,123.207.175.255,4094,20,123.207.160.020
123.207.16.0,123.207.17.255,123.207.17.255,510,23,123.207.16.023
123.207.144.0,123.207.159.255,123.207.159.255,4094,20,123.207.144.020
123.207.14.0,123.207.15.255,123.207.15.255,510,23,123.207.14.023
123.207.136.0,123.207.143.255,123.207.143.255,2046,21,123.207.136.021
123.207.134.0,123.207.135.255,123.207.135.255,510,23,123.207.134.023
123.207.132.0,123.207.133.255,123.207.133.255,510,23,123.207.132.023
123.207.130.0,123.207.131.255,123.207.131.255,510,23,123.207.130.023
123.207.128.0,123.207.129.255,123.207.129.255,510,23,123.207.128.023
123.207.126.0,123.207.127.255,123.207.127.255,510,23,123.207.126.023
123.207.124.0,123.207.125.255,123.207.125.255,510,23,123.207.124.023
123.207.122.0,123.207.123.255,123.207.123.255,510,23,123.207.122.023
123.207.120.0,123.207.121.255,123.207.121.255,510,23,123.207.120.023
123.207.12.0,123.207.13.255,123.207.13.255,510,23,123.207.12.023
123.207.118.0,123.207.119.255,123.207.119.255,510,23,123.207.118.023
123.207.116.0,123.207.117.255,123.207.117.255,510,23,123.207.116.023
123.207.114.0,123.207.115.255,123.207.115.255,510,23,123.207.114.023
123.207.112.0,123.207.113.255,123.207.113.255,510,23,123.207.112.023
123.207.110.0,123.207.111.255,123.207.111.255,510,23,123.207.110.023
123.207.108.0,123.207.109.255,123.207.109.255,510,23,123.207.108.023
123.207.106.0,123.207.107.255,123.207.107.255,510,23,123.207.106.023
123.207.104.0,123.207.105.255,123.207.105.255,510,23,123.207.104.023
123.207.102.0,123.207.103.255,123.207.103.255,510,23,123.207.102.023
123.207.100.0,123.207.101.255,123.207.101.255,510,23,123.207.100.023
123.207.10.0,123.207.11.255,123.207.11.255,510,23,123.207.10.023
123.207.0.0,123.207.1.255,123.207.1.255,510,23,123.207.0.023
123.206.98.0,123.206.99.255,123.206.99.255,510,23,123.206.98.023
123.206.97.0,123.206.97.255,123.206.97.255,254,24,123.206.97.024
123.206.96.0,123.206.97.255,123.206.97.255,510,23,123.206.96.023
123.206.80.0,123.206.95.255,123.206.95.255,4094,20,123.206.80.020
123.206.64.0,123.206.79.255,123.206.79.255,4094,20,123.206.64.020
123.206.48.0,123.206.63.255,123.206.63.255,4094,20,123.206.48.020
123.206.32.0,123.206.47.255,123.206.47.255,4094,20,123.206.32.020
123.206.254.0,123.206.255.255,123.206.255.255,510,23,123.206.254.023
123.206.252.0,123.206.253.255,123.206.253.255,510,23,123.206.252.023
123.206.250.0,123.206.251.255,123.206.251.255,510,23,123.206.250.023
123.206.248.0,123.206.249.255,123.206.249.255,510,23,123.206.248.023
123.206.246.0,123.206.246.255,123.206.246.255,254,24,123.206.246.024
123.206.242.0,123.206.243.255,123.206.243.255,510,23,123.206.242.023
123.206.240.0,123.206.241.255,123.206.241.255,510,23,123.206.240.023
123.206.238.0,123.206.239.255,123.206.239.255,510,23,123.206.238.023
123.206.236.0,123.206.237.255,123.206.237.255,510,23,123.206.236.023
123.206.234.0,123.206.235.255,123.206.235.255,510,23,123.206.234.023
123.206.232.0,123.206.233.255,123.206.233.255,510,23,123.206.232.023
123.206.230.0,123.206.231.255,123.206.231.255,510,23,123.206.230.023
123.206.228.0,123.206.229.255,123.206.229.255,510,23,123.206.228.023
123.206.226.0,123.206.227.255,123.206.227.255,510,23,123.206.226.023
123.206.224.0,123.206.225.255,123.206.225.255,510,23,123.206.224.023
123.206.222.0,123.206.223.255,123.206.223.255,510,23,123.206.222.023
123.206.220.0,123.206.221.255,123.206.221.255,510,23,123.206.220.023
123.206.218.0,123.206.219.255,123.206.219.255,510,23,123.206.218.023
123.206.216.0,123.206.217.255,123.206.217.255,510,23,123.206.216.023
123.206.214.0,123.206.215.255,123.206.215.255,510,23,123.206.214.023
123.206.212.0,123.206.213.255,123.206.213.255,510,23,123.206.212.023
123.206.210.0,123.206.211.255,123.206.211.255,510,23,123.206.210.023
123.206.208.0,123.206.209.255,123.206.209.255,510,23,123.206.208.023
123.206.206.0,123.206.207.255,123.206.207.255,510,23,123.206.206.023
123.206.204.0,123.206.205.255,123.206.205.255,510,23,123.206.204.023
123.206.202.0,123.206.203.255,123.206.203.255,510,23,123.206.202.023
123.206.200.0,123.206.201.255,123.206.201.255,510,23,123.206.200.023
123.206.198.0,123.206.199.255,123.206.199.255,510,23,123.206.198.023
123.206.196.0,123.206.197.255,123.206.197.255,510,23,123.206.196.023
123.206.194.0,123.206.195.255,123.206.195.255,510,23,123.206.194.023
123.206.192.0,123.206.193.255,123.206.193.255,510,23,123.206.192.023
123.206.190.0,123.206.191.255,123.206.191.255,510,23,123.206.190.023
123.206.188.0,123.206.189.255,123.206.189.255,510,23,123.206.188.023
123.206.186.0,123.206.187.255,123.206.187.255,510,23,123.206.186.023
123.206.184.0,123.206.185.255,123.206.185.255,510,23,123.206.184.023
123.206.182.0,123.206.183.255,123.206.183.255,510,23,123.206.182.023
123.206.180.0,123.206.181.255,123.206.181.255,510,23,123.206.180.023
123.206.178.0,123.206.179.255,123.206.179.255,510,23,123.206.178.023
123.206.176.0,123.206.177.255,123.206.177.255,510,23,123.206.176.023
123.206.175.0,123.206.175.255,123.206.175.255,254,24,123.206.175.024
123.206.174.0,123.206.175.255,123.206.175.255,510,23,123.206.174.023
123.206.172.0,123.206.173.255,123.206.173.255,510,23,123.206.172.023
123.206.170.0,123.206.171.255,123.206.171.255,510,23,123.206.170.023
123.206.168.0,123.206.169.255,123.206.169.255,510,23,123.206.168.023
123.206.166.0,123.206.167.255,123.206.167.255,510,23,123.206.166.023
123.206.164.0,123.206.165.255,123.206.165.255,510,23,123.206.164.023
123.206.162.0,123.206.163.255,123.206.163.255,510,23,123.206.162.023
123.206.160.0,123.206.161.255,123.206.161.255,510,23,123.206.160.023
123.206.16.0,123.206.31.255,123.206.31.255,4094,20,123.206.16.020
123.206.158.0,123.206.159.255,123.206.159.255,510,23,123.206.158.023
123.206.156.0,123.206.157.255,123.206.157.255,510,23,123.206.156.023
123.206.154.0,123.206.155.255,123.206.155.255,510,23,123.206.154.023
123.206.152.0,123.206.153.255,123.206.153.255,510,23,123.206.152.023
123.206.150.0,123.206.151.255,123.206.151.255,510,23,123.206.150.023
123.206.148.0,123.206.149.255,123.206.149.255,510,23,123.206.148.023
123.206.146.0,123.206.147.255,123.206.147.255,510,23,123.206.146.023
123.206.144.0,123.206.145.255,123.206.145.255,510,23,123.206.144.023
123.206.142.0,123.206.143.255,123.206.143.255,510,23,123.206.142.023
123.206.140.0,123.206.141.255,123.206.141.255,510,23,123.206.140.023
123.206.138.0,123.206.139.255,123.206.139.255,510,23,123.206.138.023
123.206.136.0,123.206.137.255,123.206.137.255,510,23,123.206.136.023
123.206.134.0,123.206.135.255,123.206.135.255,510,23,123.206.134.023
123.206.132.0,123.206.133.255,123.206.133.255,510,23,123.206.132.023
123.206.130.0,123.206.131.255,123.206.131.255,510,23,123.206.130.023
123.206.128.0,123.206.129.255,123.206.129.255,510,23,123.206.128.023
123.206.126.0,123.206.127.255,123.206.127.255,510,23,123.206.126.023
123.206.124.0,123.206.125.255,123.206.125.255,510,23,123.206.124.023
123.206.122.0,123.206.123.255,123.206.123.255,510,23,123.206.122.023
123.206.120.0,123.206.121.255,123.206.121.255,510,23,123.206.120.023
123.206.118.0,123.206.119.255,123.206.119.255,510,23,123.206.118.023
123.206.116.0,123.206.117.255,123.206.117.255,510,23,123.206.116.023
123.206.114.0,123.206.115.255,123.206.115.255,510,23,123.206.114.023
123.206.112.0,123.206.113.255,123.206.113.255,510,23,123.206.112.023
123.206.110.0,123.206.111.255,123.206.111.255,510,23,123.206.110.023
123.206.108.0,123.206.109.255,123.206.109.255,510,23,123.206.108.023
123.206.106.0,123.206.107.255,123.206.107.255,510,23,123.206.106.023
123.206.104.0,123.206.105.255,123.206.105.255,510,23,123.206.104.023
123.206.102.0,123.206.103.255,123.206.103.255,510,23,123.206.102.023
123.206.100.0,123.206.101.255,123.206.101.255,510,23,123.206.100.023
123.206.0.0,123.206.15.255,123.206.15.255,4094,20,123.206.0.020
123.206.0.0,123.207.255.255,123.207.255.255,131070,15,123.206.0.015
122.152.254.0,122.152.255.255,122.152.255.255,510,23,122.152.254.023
122.152.252.0,122.152.253.255,122.152.253.255,510,23,122.152.252.023
122.152.250.0,122.152.251.255,122.152.251.255,510,23,122.152.250.023
122.152.248.0,122.152.249.255,122.152.249.255,510,23,122.152.248.023
122.152.246.0,122.152.247.255,122.152.247.255,510,23,122.152.246.023
122.152.244.0,122.152.245.255,122.152.245.255,510,23,122.152.244.023
122.152.242.0,122.152.243.255,122.152.243.255,510,23,122.152.242.023
122.152.240.0,122.152.241.255,122.152.241.255,510,23,122.152.240.023
122.152.238.0,122.152.239.255,122.152.239.255,510,23,122.152.238.023
122.152.236.0,122.152.237.255,122.152.237.255,510,23,122.152.236.023
122.152.234.0,122.152.235.255,122.152.235.255,510,23,122.152.234.023
122.152.232.0,122.152.233.255,122.152.233.255,510,23,122.152.232.023
122.152.230.0,122.152.231.255,122.152.231.255,510,23,122.152.230.023
122.152.228.0,122.152.229.255,122.152.229.255,510,23,122.152.228.023
122.152.226.0,122.152.227.255,122.152.227.255,510,23,122.152.226.023
122.152.224.0,122.152.225.255,122.152.225.255,510,23,122.152.224.023
122.152.222.0,122.152.223.255,122.152.223.255,510,23,122.152.222.023
122.152.220.0,122.152.221.255,122.152.221.255,510,23,122.152.220.023
122.152.216.0,122.152.219.255,122.152.219.255,1022,22,122.152.216.022
122.152.212.0,122.152.215.255,122.152.215.255,1022,22,122.152.212.022
122.152.208.0,122.152.211.255,122.152.211.255,1022,22,122.152.208.022
122.152.204.0,122.152.207.255,122.152.207.255,1022,22,122.152.204.022
122.152.200.0,122.152.203.255,122.152.203.255,1022,22,122.152.200.022
122.152.196.0,122.152.199.255,122.152.199.255,1022,22,122.152.196.022
122.152.192.0,122.152.195.255,122.152.195.255,1022,22,122.152.192.022
122.152.192.0,122.152.255.255,122.152.255.255,16382,18,122.152.192.018
119.29.98.0,119.29.99.255,119.29.99.255,510,23,119.29.98.023
119.29.96.0,119.29.97.255,119.29.97.255,510,23,119.29.96.023
119.29.94.0,119.29.95.255,119.29.95.255,510,23,119.29.94.023
119.29.92.0,119.29.93.255,119.29.93.255,510,23,119.29.92.023
119.29.90.0,119.29.91.255,119.29.91.255,510,23,119.29.90.023
119.29.88.0,119.29.89.255,119.29.89.255,510,23,119.29.88.023
119.29.86.0,119.29.87.255,119.29.87.255,510,23,119.29.86.023
119.29.84.0,119.29.85.255,119.29.85.255,510,23,119.29.84.023
119.29.82.0,119.29.83.255,119.29.83.255,510,23,119.29.82.023
119.29.80.0,119.29.81.255,119.29.81.255,510,23,119.29.80.023
119.29.8.0,119.29.9.255,119.29.9.255,510,23,119.29.8.023
119.29.78.0,119.29.79.255,119.29.79.255,510,23,119.29.78.023
119.29.76.0,119.29.77.255,119.29.77.255,510,23,119.29.76.023
119.29.74.0,119.29.75.255,119.29.75.255,510,23,119.29.74.023
119.29.72.0,119.29.73.255,119.29.73.255,510,23,119.29.72.023
119.29.70.0,119.29.71.255,119.29.71.255,510,23,119.29.70.023
119.29.68.0,119.29.69.255,119.29.69.255,510,23,119.29.68.023
119.29.66.0,119.29.67.255,119.29.67.255,510,23,119.29.66.023
119.29.64.0,119.29.65.255,119.29.65.255,510,23,119.29.64.023
119.29.62.0,119.29.63.255,119.29.63.255,510,23,119.29.62.023
119.29.60.0,119.29.61.255,119.29.61.255,510,23,119.29.60.023
119.29.6.0,119.29.7.255,119.29.7.255,510,23,119.29.6.023
119.29.58.0,119.29.59.255,119.29.59.255,510,23,119.29.58.023
119.29.56.0,119.29.57.255,119.29.57.255,510,23,119.29.56.023
119.29.54.0,119.29.55.255,119.29.55.255,510,23,119.29.54.023
119.29.52.0,119.29.53.255,119.29.53.255,510,23,119.29.52.023
119.29.50.0,119.29.51.255,119.29.51.255,510,23,119.29.50.023
119.29.48.0,119.29.49.255,119.29.49.255,510,23,119.29.48.023
119.29.46.0,119.29.47.255,119.29.47.255,510,23,119.29.46.023
119.29.44.0,119.29.45.255,119.29.45.255,510,23,119.29.44.023
119.29.42.0,119.29.43.255,119.29.43.255,510,23,119.29.42.023
119.29.40.0,119.29.41.255,119.29.41.255,510,23,119.29.40.023
119.29.4.0,119.29.5.255,119.29.5.255,510,23,119.29.4.023
119.29.38.0,119.29.39.255,119.29.39.255,510,23,119.29.38.023
119.29.36.0,119.29.37.255,119.29.37.255,510,23,119.29.36.023
119.29.34.0,119.29.35.255,119.29.35.255,510,23,119.29.34.023
119.29.32.0,119.29.33.255,119.29.33.255,510,23,119.29.32.023
119.29.30.0,119.29.31.255,119.29.31.255,510,23,119.29.30.023
119.29.29.0,119.29.29.255,119.29.29.255,254,24,119.29.29.024
119.29.28.0,119.29.29.255,119.29.29.255,510,23,119.29.28.023
119.29.26.0,119.29.27.255,119.29.27.255,510,23,119.29.26.023
119.29.254.0,119.29.255.255,119.29.255.255,510,23,119.29.254.023
119.29.252.0,119.29.253.255,119.29.253.255,510,23,119.29.252.023
119.29.250.0,119.29.251.255,119.29.251.255,510,23,119.29.250.023
119.29.248.0,119.29.249.255,119.29.249.255,510,23,119.29.248.023
119.29.246.0,119.29.247.255,119.29.247.255,510,23,119.29.246.023
119.29.244.0,119.29.245.255,119.29.245.255,510,23,119.29.244.023
119.29.242.0,119.29.243.255,119.29.243.255,510,23,119.29.242.023
119.29.240.0,119.29.241.255,119.29.241.255,510,23,119.29.240.023
119.29.24.0,119.29.25.255,119.29.25.255,510,23,119.29.24.023
119.29.238.0,119.29.239.255,119.29.239.255,510,23,119.29.238.023
119.29.236.0,119.29.237.255,119.29.237.255,510,23,119.29.236.023
119.29.234.0,119.29.235.255,119.29.235.255,510,23,119.29.234.023
119.29.232.0,119.29.233.255,119.29.233.255,510,23,119.29.232.023
119.29.230.0,119.29.231.255,119.29.231.255,510,23,119.29.230.023
119.29.228.0,119.29.229.255,119.29.229.255,510,23,119.29.228.023
119.29.226.0,119.29.227.255,119.29.227.255,510,23,119.29.226.023
119.29.224.0,119.29.225.255,119.29.225.255,510,23,119.29.224.023
119.29.222.0,119.29.223.255,119.29.223.255,510,23,119.29.222.023
119.29.220.0,119.29.221.255,119.29.221.255,510,23,119.29.220.023
119.29.22.0,119.29.23.255,119.29.23.255,510,23,119.29.22.023
119.29.218.0,119.29.219.255,119.29.219.255,510,23,119.29.218.023
119.29.216.0,119.29.217.255,119.29.217.255,510,23,119.29.216.023
119.29.214.0,119.29.215.255,119.29.215.255,510,23,119.29.214.023
119.29.212.0,119.29.213.255,119.29.213.255,510,23,119.29.212.023
119.29.210.0,119.29.211.255,119.29.211.255,510,23,119.29.210.023
119.29.208.0,119.29.209.255,119.29.209.255,510,23,119.29.208.023
119.29.206.0,119.29.207.255,119.29.207.255,510,23,119.29.206.023
119.29.204.0,119.29.205.255,119.29.205.255,510,23,119.29.204.023
119.29.202.0,119.29.203.255,119.29.203.255,510,23,119.29.202.023
119.29.200.0,119.29.201.255,119.29.201.255,510,23,119.29.200.023
119.29.20.0,119.29.21.255,119.29.21.255,510,23,119.29.20.023
119.29.2.0,119.29.3.255,119.29.3.255,510,23,119.29.2.023
119.29.198.0,119.29.199.255,119.29.199.255,510,23,119.29.198.023
119.29.196.0,119.29.197.255,119.29.197.255,510,23,119.29.196.023
119.29.194.0,119.29.195.255,119.29.195.255,510,23,119.29.194.023
119.29.192.0,119.29.193.255,119.29.193.255,510,23,119.29.192.023
119.29.190.0,119.29.191.255,119.29.191.255,510,23,119.29.190.023
119.29.188.0,119.29.189.255,119.29.189.255,510,23,119.29.188.023
119.29.186.0,119.29.187.255,119.29.187.255,510,23,119.29.186.023
119.29.184.0,119.29.185.255,119.29.185.255,510,23,119.29.184.023
119.29.182.0,119.29.183.255,119.29.183.255,510,23,119.29.182.023
119.29.180.0,119.29.181.255,119.29.181.255,510,23,119.29.180.023
119.29.18.0,119.29.19.255,119.29.19.255,510,23,119.29.18.023
119.29.178.0,119.29.179.255,119.29.179.255,510,23,119.29.178.023
119.29.176.0,119.29.177.255,119.29.177.255,510,23,119.29.176.023
119.29.174.0,119.29.175.255,119.29.175.255,510,23,119.29.174.023
119.29.172.0,119.29.173.255,119.29.173.255,510,23,119.29.172.023
119.29.170.0,119.29.171.255,119.29.171.255,510,23,119.29.170.023
119.29.168.0,119.29.169.255,119.29.169.255,510,23,119.29.168.023
119.29.166.0,119.29.167.255,119.29.167.255,510,23,119.29.166.023
119.29.164.0,119.29.165.255,119.29.165.255,510,23,119.29.164.023
119.29.162.0,119.29.163.255,119.29.163.255,510,23,119.29.162.023
119.29.160.0,119.29.161.255,119.29.161.255,510,23,119.29.160.023
119.29.16.0,119.29.17.255,119.29.17.255,510,23,119.29.16.023
119.29.158.0,119.29.159.255,119.29.159.255,510,23,119.29.158.023
119.29.156.0,119.29.157.255,119.29.157.255,510,23,119.29.156.023
119.29.154.0,119.29.155.255,119.29.155.255,510,23,119.29.154.023
119.29.152.0,119.29.153.255,119.29.153.255,510,23,119.29.152.023
119.29.150.0,119.29.151.255,119.29.151.255,510,23,119.29.150.023
119.29.148.0,119.29.149.255,119.29.149.255,510,23,119.29.148.023
119.29.146.0,119.29.147.255,119.29.147.255,510,23,119.29.146.023
119.29.144.0,119.29.145.255,119.29.145.255,510,23,119.29.144.023
119.29.142.0,119.29.143.255,119.29.143.255,510,23,119.29.142.023
119.29.140.0,119.29.141.255,119.29.141.255,510,23,119.29.140.023
119.29.14.0,119.29.15.255,119.29.15.255,510,23,119.29.14.023
119.29.138.0,119.29.139.255,119.29.139.255,510,23,119.29.138.023
119.29.136.0,119.29.137.255,119.29.137.255,510,23,119.29.136.023
119.29.134.0,119.29.135.255,119.29.135.255,510,23,119.29.134.023
119.29.132.0,119.29.133.255,119.29.133.255,510,23,119.29.132.023
119.29.130.0,119.29.131.255,119.29.131.255,510,23,119.29.130.023
119.29.128.0,119.29.129.255,119.29.129.255,510,23,119.29.128.023
119.29.126.0,119.29.127.255,119.29.127.255,510,23,119.29.126.023
119.29.124.0,119.29.125.255,119.29.125.255,510,23,119.29.124.023
119.29.122.0,119.29.123.255,119.29.123.255,510,23,119.29.122.023
119.29.120.0,119.29.121.255,119.29.121.255,510,23,119.29.120.023
119.29.12.0,119.29.13.255,119.29.13.255,510,23,119.29.12.023
119.29.118.0,119.29.119.255,119.29.119.255,510,23,119.29.118.023
119.29.116.0,119.29.117.255,119.29.117.255,510,23,119.29.116.023
119.29.114.0,119.29.115.255,119.29.115.255,510,23,119.29.114.023
119.29.112.0,119.29.113.255,119.29.113.255,510,23,119.29.112.023
119.29.110.0,119.29.111.255,119.29.111.255,510,23,119.29.110.023
119.29.108.0,119.29.109.255,119.29.109.255,510,23,119.29.108.023
119.29.106.0,119.29.107.255,119.29.107.255,510,23,119.29.106.023
119.29.104.0,119.29.105.255,119.29.105.255,510,23,119.29.104.023
119.29.102.0,119.29.103.255,119.29.103.255,510,23,119.29.102.023
119.29.100.0,119.29.101.255,119.29.101.255,510,23,119.29.100.023
119.29.10.0,119.29.11.255,119.29.11.255,510,23,119.29.10.023
119.29.0.0,119.29.1.255,119.29.1.255,510,23,119.29.0.023
119.29.0.0,119.29.255.255,119.29.255.255,65534,16,119.29.0.016
119.28.98.0,119.28.99.255,119.28.99.255,510,23,119.28.98.023
119.28.96.0,119.28.97.255,119.28.97.255,510,23,119.28.96.023
119.28.96.0,119.28.111.255,119.28.111.255,4094,20,119.28.96.020
119.28.96.0,119.28.127.255,119.28.127.255,8190,19,119.28.96.019
119.28.94.0,119.28.95.255,119.28.95.255,510,23,119.28.94.023
119.28.92.0,119.28.93.255,119.28.93.255,510,23,119.28.92.023
119.28.90.0,119.28.91.255,119.28.91.255,510,23,119.28.90.023
119.28.88.0,119.28.89.255,119.28.89.255,510,23,119.28.88.023
